{"train":
    {"SC-N-40" : "0944",
    "SC-N-03" : "0915",
    "SC-N-02" : "0898",
    "SC-HYP-40" : "0755",
    "SC-HYP-38" : "0734",
    "SC-HYP-03" : "0650",
    "SC-HYP-01" : "0550",
    "SC-HF-NI-36" : "0474",
    "SC-HF-NI-34" : "0446",
    "SC-HF-NI-04" : "0501",
    "SC-HF-NI-03" : "0379",
    "SC-HF-I-40" : "0134",
    "SC-HF-I-04" : "0116",
    "SC-HF-I-02" : "0106",
    "SC-HF-I-01" : "0004"},
"test": 
    {"SC-N-9" : "1031",
    "SC-N-10" : "0851",
    "SC-N-11" : "0878",
    "SC-HYP-9" : "0003",
    "SC-HYP-10" : "0579",
    "SC-HYP-11" : "0601",
    "SC-HYP-12" : "0629",
    "SC-HF-NI-12" : "0286",
    "SC-HF-NI-13" : "0304",
    "SC-HF-NI-14" : "0331",
    "SC-HF-NI-15" : "0359",
    "SC-HF-I-9" : "0241",
    "SC-HF-I-10" : "0024",
    "SC-HF-I-11" : "0043",
    "SC-HF-I-12" : "0062"}
}